apeagers.com.au 13zoos.com.au apeagers.com.au 1300zoos.com apeagers.com.au brisbanemotorauctions.com.au westpointsubaru.com.au metroford.com.au city-automotive.com.au australhonda.com.au apeagers.com.au australvw.com.au australvolvo.com.au australvolkswagen.com.au australporsche.com.au australmotors.com.au australmgrover.com.au australlandrover.com.au australjaguar.com.au torquetoyota.com.au torqueford.com.au metroparts.com.au eagers-mazda.com.au metrotorque.com.au porschecentrebrisbane.com.au southsideford.com.au southsidehonda.com.au southsidelandrover.com.au southsidetoyota.com.au autoemf.com.au strathpinetoyota.com.au brisbanecityjaguar.com.au eagers.com.au eagers-kia.com.au baysidehondakia.com.au baysidehonda.com.au baysidekia.com.au southsidevolvo.com.au apeagers.com.au
apeagers.com.au apeagers.com.au
citypeugeotbrisbane.com.au australjaguar.com.au eagers.com.au city-automotive.com.au westpointsubaru.com.au strathpinetoyota.com.au metrotorque.com.au brisbanecityjaguar.com.au autoemf.com.au apeagers.com.au southsidetoyota.com.au southsideford.com.au apeagers.com.au torqueford.com.au eagers.com.au apeagers.com.au apeagers.com.au
eagersfleet.com.au caloundracityholden.com.au metroford.com.au partszoos.com.au australprestige.com.au apbma.com.au eagershsv.com.au torquetoyota.com.au apeptc.com.au dapallterrain.com.au strathpinetoyota.com.au metropanel.com.au audicentresunshinecoast.com.au 13zoos.com.au eagersmazda.com.au 1300zoos.com torquekia.com.au citypeugeotbrisbane.com.au southsideford.com.au subarutoowong.com.au subarucity.com.au torquesubaru.com.au eagersmitsubishi.com.au brisbanemotorauctions.com.au city-automotive.com.au metroparts.com.au metortorque.com.au eagers.com.au australmotors.com.au apeagers.com.au apeagers.com.au
apeagers.com.au apeagers.com.au
apeagers.com.au apeagers.com.au
eagers.com.au apeagers.com.au homedrive.com.au apeagers.com.au apeagers.com.au
apeagers.com.au apeagers.com.au
apeagers.com.au apeagers.com.au apeagers.com.au apeagers.com.au apeagers.com.au
apeagers.com.au apeagers.com.au
apeagers.com.au apeagers.com.au
metroparts.com.au apeagers.com.au southsideford.com.au eagers-mazda.com.au metroparts.com.au
metroparts.com.au metroparts.com.au southisdeford.com.au southsideford.com.au metroparts.com.au
southsideford.com.au metroford.com.au southsideford.com.au southsideford.com.au southsideford.com.au southsideford.com.au metroford.com.au
southsideford.com.au metroford.com.au metroford.com.au
australvolvo.com.au australmotors.com.au southsidelandrover.com.au southsidelandrover.com.au southsidevolvo.com.au southsidelandrover.com.au southsidevolvo.com.au australmotors.com.au
southsidehonda.com.au southsidehonda.com.au southsidehonda.com.au
southsidehonda.com.au southsidelandrover.com.au southsidelandrover.com.au southsidehonda.com.au
southsidevolvo.com.au southsidelandrover.com.au australmotors.com.au australvolvo.com.au brisbanecityjaguar.com.au australvolvo.com.au australvolvo.com.au australvolvo.com.au australmotors.com.au australmotors.com.au
porschecentrebrisbane.com.au porschecentrebrisbane.com.au porschecentrebrisbane.com.au
southsidetoyota.com.au southsidetoyota.com.au southsidetoyota.com.au southsidetoyota.com.au southsidetoyota.com.au southsidetoyota.com.au southsidetoyota.com.au southsidetoyota.com.au
australmotors.com.au australmotors.com.au australvw.com.au australlandrover.com.au australlandrover.com.au australhonda.com.au australmotors.com.au australmotors.com.au
australmotors.com.au australmotors.com.au australvw.com.au australmgrover.com.au australmotors.com.au
australmotors.com.au australmotors.com.au
australmotors.com.au australmotors.com.au australvolvo.com.au australmotors.com.au
southsidehonda.com.au southsidehonda.com.au
eagersmazda.com.au eagers-mazda.com.au eagersmazda.com.au eagers.com.au eagers-mazda.com.au eagers.com.au eagersmazda.com.au
eagerskia.com.au eagersmitsubishi.com.au eagers.com.au eagers-kia.com.au eagers.com.au
eagers-mazda.com.au eagersmazda.com.au eagers-mazda.com.au eagers-mazda.com.au eagers.com.au eagersmazda.com.au
eagersmazda.com.au eagers-mazda.com.au eagersmazda.com.au eagers-mazda.com.au eagersmazda.com.au eagers-mazda.com.au eagers-mazda.com.au eagers-mazda.com.au eagersmazda.com.au
eagers.com.au eagers.com.au eagers.com.au
eagers.com.au eagers.com.au eagers.com.au
eagers.com.au eagers.com.au
eagers.com.au eagers.com.au eagers.com.au eagers.com.au
eagers.com.au eagers.com.au
eagers.com.au eagers.com.au eagers.com.au eagers.com.au
eagers.com.au eagers.com.au
eagersholden.com.au eagers.com.au eagers.com.au eagers.com.au
eagers.com.au eagers.com.au
eagers.com.au eagers.com.au
eagers.com.au eagers.com.au eagers.com.au
eagers.com.au eagers.com.au eagers.com.au
eagersholden.com.au eagers.com.au eagers.com.au eagersholden.com.au
eagersfleet.com.au eagersholden.com.au eagers.com.au eagers.com.au eagers.com.au eagers.com.au eagers.com.au eagersfleet.com.au
torqueford.com.au torqueford.com.au metrotorque.com.au torqueford.com.au
torquetoyota.com.au torquetoyota.com.au torquetoyota.com.au
torquetoyota.com.au torquetoyota.com.au torquetoyota.com.au torquekia.com.au strathpinetoyota.com.au torquetoyota.com.au strathpinetoyota.com.au torquetoyota.com.au
apeagers.com.au torquetoyota.com.au strathpinetoyota.com.au strathpinetoyota.com.au torquetoyota.com.au
torquetoyota.com.au torquetoyota.com.au torquetoyota.com.au torquetoyota.com.au
eagers-kia.com.au eagerskia.com.au eagers.com.au eagers-kia.com.au eagers-kia.com.au eagers.com.au eagers-kia.com.au eagerskia.com.au
grwcars.com.au eagers-kia.com.au eagerskia.com.au eagers.com.au eagerskia.com.au
eagerskia.com.au eagerskia.com.au eagers-kia.com.au eagers-kia.com.au eagers-kia.com.au eagerskia.com.au
australvw.com.au australvw.com.au australvw.com.au australvw.com.au australmotors.com.au australmotors.com.au australvw.com.au
southsideford.com.au metroford.com.au southsideford.com.au metrotorque.com.au autoemf.com.au metroford.com.au
southsidetoyota.com.au southsidetoyota.com.au
southsidetoyota.com.au southsidetoyota.com.au southsidetoyota.com.au southsidetoyota.com.au southsidetoyota.com.au southsidetoyota.com.au southsidetoyota.com.au southsidetoyota.com.au
southsidetoyota.com.au southsidetoyota.com.au
southsidetoyota.com.au southsidetoyota.com.au
southsidetoyota.com.au southsidetoyota.com.au southsidetoyota.com.au southsidetoyota.com.au
eagersholden.com.au eagers.com.au eagers.com.au eagers.com.au
eagersholden.com.au eagers.com.au eagers.com.au eagers.com.au eagers.com.au
eagersholden.com.au eagers.com.au eagers.com.au eagers.com.au
eagersholden.com.au eagers.com.au eagers-mazda.com.au eagers.com.au eagers.com.au eagers-mazda.com.au eagers.com.au eagers-mazda.com.au eagersholden.com.au
southsidehonda.com.au southsidehonda.com.au eagers.com.au southsidehonda.com.au
apeagers.com.au eagers.com.au apeagers.com.au apeagers.com.au
eagers.com.au apeagers.com.au apeagers.com.au
eagers.com.au apeagers.com.au apeagers.com.au apeagers.com.au
australvw.com.au australvw.com.au australvw.com.au
apeagers.com.au australlandrover.com.au australmotors.com.au australjaguar.com.au brisbanecityjaguar.com.au australvolvo.com.au apeagers.com.au
australmotors.com.au australvolvo.com.au australvolvo.com.au australlandrover.com.au australvolvo.com.au
porschecentrebrisbane.com.au porschecentrebrisbane.com.au porschecentrebrisbane.com.au porschecentrebrisbane.com.au
australhonda.com.au australmotors.com.au australmotors.com.au australhonda.com.au
australjaguar.com.au australmotors.com.au apeagers.com.au australlandrover.com.au autralvolvo.com.au australvolvo.com.au brisbanecityjaguar.com.au australmotors.com.au
australvolvo.com.au australmotors.com.au apeagers.com.au australmotors.com.au
australmotorgroup.com.au porschecentrebrisbane.com.au porschecentrebrisbane.com.au porschecentrebrisbane.com.au
brisbanecityjaguar.com.au australlandrover.com.au australmotors.com.au australvolvo.com.au australlandrover.com.au australmotors.com.au australvolvo.com.au brisbanecityjaguar.com.au porschecentrebrisbane.com.au australmotors.com.au
porschecentrebrisbane.com.au porschecentrebrisbane.com.au
australmotors.com.au australmotors.com.au
australvw.com.au australmotors.com.au australmgrover.com.au australvw.com.au australmotors.com.au australvw.com.au australmotors.com.au australvw.com.au
metrotorque.com.au australvw.com.au australvw.com.au australvw.com.au australvw.com.au
australmotors.com.au australvolvo.com.au australmotors.com.au australvolvo.com.au southsidelandrover.com.au southsidelandrover.com.au southsidevolvo.com.au southsidevolvo.com.au southsidevolvo.com.au southsidelandrover.com.au australvolvo.com.au australvolvo.com.au australvolvo.com.au australvolvo.com.au
australvw.com.au australmotors.com.au australvw.com.au
southsidetoyota.com.au strathpinetoyota.com.au torquetoyota.com.au torqueford.com.au australhonda.com.au australjaguar.com.au australlandrover.com.au australmgrover.com.au australmotors.com.au australvolvo.com.au australvw.com.au autoemf.com.au brisbanecityjaguar.com.au eagers.com.au eagers-kia.com.au eagers-mazda.com.au met.torquetoyota.com.au metroparts.com.au metrotorque.com.au southsidehonda.com.au southsidelandrover.com.au australporsche.com.au australvolkswagen.com.au southsideford.com.au porschecentrebrisbane.com.au apeagers.com.au apeagers.com.au
southsidetoyota.com.au strathpinetoyota.com.au torquetoyota.com.au torqueford.com.au australhonda.com.au australjaguar.com.au australlandrover.com.au australmgrover.com.au australmotors.com.au australvolvo.com.au australvw.com.au autoemf.com.au brisbanecityjaguar.com.au eagers.com.au eagers-kia.com.au eagers-mazda.com.au met.torquetoyota.com.au metroparts.com.au metrotorque.com.au southsidehonda.com.au southsidelandrover.com.au australporsche.com.au australvolkswagen.com.au southsideford.com.au porschecentrebrisbane.com.au apeagers.com.au apeagers.com.au
southsidetoyota.com.au strathpinetoyota.com.au torquetoyota.com.au torqueford.com.au australhonda.com.au australjaguar.com.au australlandrover.com.au australmgrover.com.au australmotors.com.au australvolvo.com.au australvw.com.au autoemf.com.au brisbanecityjaguar.com.au eagers.com.au eagers-kia.com.au eagers-mazda.com.au met.torquetoyota.com.au metroparts.com.au metrotorque.com.au southsidehonda.com.au southsidelandrover.com.au australporsche.com.au australvolkswagen.com.au southsideford.com.au porschecentrebrisbane.com.au apeagers.com.au apeagers.com.au
apeagers.com.au apeagers.com.au
southsidetoyota.com.au strathpinetoyota.com.au torquetoyota.com.au torqueford.com.au australhonda.com.au australjaguar.com.au australlandrover.com.au australmgrover.com.au australmotors.com.au australvolvo.com.au australvw.com.au autoemf.com.au brisbanecityjaguar.com.au eagers.com.au eagers-kia.com.au eagers-mazda.com.au met.torquetoyota.com.au metroparts.com.au metrotorque.com.au southsidehonda.com.au southsidelandrover.com.au australporsche.com.au australvolkswagen.com.au southsideford.com.au porschecentrebrisbane.com.au apeagers.com.au apeagers.com.au
citypeugeotbrisbane.com.au metroford.com.au metroparts.com.au metrotorque.com.au metroford.com.au
metroparts.com.au metroparts.com.au
metroparts.com.au southsideford.com.au metroparts.com.au
eagersmitsubishi.com.au eagers.com.au apeagers.com.au eagers.com.au eagers.com.au
eagers.com.au eagers.com.au eagers.com.au
apeagers.com.au apeagers.com.au
eagers.com.au eagersholden.com.au eagers.com.au eagers.com.au eagers.com.au eagers.com.au eagers.com.au eagersholden.com.au
eagers.com.au eagersholden.com.au eagers.com.au eagersholden.com.au
australmotors.com.au australmotors.com.au australmotors.com.au australmotors.com.au
eagersmazda.com.au eagers.com.au eagers.com.au eagers.com.au
eagers.com.au eagersmazda.com.au eagers.com.au eagers.com.au eagers.com.au
eagers.com.au eagers.com.au
eagers.com.au eagersholden.com.au eagers.com.au eagers.com.au eagers.com.au eagersholden.com.au
eagersfleet.com.au eagersholden.com.au eagers.com.au eagers.com.au eagers.com.au eagers.com.au eagers.com.au eagers.com.au eagersfleet.com.au
eagersholden.com.au eagers.com.au eagers.com.au eagersholden.com.au
eagersholden.com.au eagers.com.au eagersfleet.com.au eagersholden.com.au eagers.com.au eagers.com.au eagersholden.com.au
eagersmitsubishi.com.au apeagers.com.au eagers.com.au eagers.com.au
eagerskia.com.au eagerskia.com.au eagers-kia.com.au eagers.com.au eagers.com.au eagers.com.au eagers.com.au eagerskia.com.au
eagers.com.au
southsidetoyota.com.au southsidetoyota.com.au southsidetoyota.com.au southsidetoyota.com.au
southsidetoyota.com.au southsidetoyota.com.au southsidetoyota.com.au southsidetoyota.com.au
apeagers.com.au apeagers.com.au apeagers.com.au apeagers.com.au apeagers.com.au
porschecentrebrisbane.com.au porschecentrebrisbane.com.au
eagers.com.au eagersmitsubishi.com.au eagerskia.com.au city-automotive.com.au city-automotive.com.au eagers.com.au
eagers.com.au apeagers.com.au subarutoowong.com.au subarucity.com.au eagersmitsubishi.com.au torquesubaru.com.au citypeugeotbrisbane.com.au citypeugeotbrisbane.com.au city-automotive.com.au city-automotive.com.au city-automotive.com.au
subarutoowong.com.au city-automotive.com.au subarutoowong.com.au
city-automotive.com.au torquesubaru.com.au city-automotive.com.au city-automotive.com.au torquesubaru.com.au
city-automotive.com.au subarucity.com.au subarucity.com.au city-automotive.com.au city-automotive.com.au city-automotive.com.au subarucity.com.au
citypeugeotbrisbane.com.au city-automotive.com.au citypeugeotbrisbane.com.au citypeugeotbrisbane.com.au
subarucity.com.au subarucity.com.au city-automotive.com.au subarucity.com.au
australvw.com.au australmotors.com.au subarucity.com.au australhonda.com.au australhonda.com.au australvw.com.au
eagersmitsubishi.com.au eagers.com.au city-automotive.com.au city-automotive.com.au eagers.com.au
subarutoowong.com.au subarucity.com.au city-automotive.com.au subarucity.com.au
subarucity.com.au city-automotive.com.au subarucity.com.au city-automotive.com.au subarucity.com.au
subarucity.com.au subarucity.com.au subarucity.com.au subarucity.com.au
australvw.com.au australvw.com.au
city-automotive.com.au eagers.com.au eagers.com.au
eagers.com.au city-automotive.com.au eagers.com.au eagers.com.au
subarucity.com.au city-automotive.com.au city-automotive.com.au city-automotive.com.au city-automotive.com.au
grwcars.com.au eagersmitsubishi.com.au eagers.com.au city-automotive.com.au grwcars.com.au
city-automotive.com.au subarucity.com.au city-automotive.com.au city-automotive.com.au city-automotive.com.au city-automotive.com.au
subarucity.com.au eagersmitsubishi.com.au citypeugeotbrisbane.com.au subarutoowong.com.au subarucity.com.au city-automotive.com.au city-automotive.com.au apeagers.com.au city-automotive.com.au westpointsubaru.com.au city-automotive.com.au city-automotive.com.au city-automotive.com.au
eagersmitsubishi.com.au eagers.com.au eagers.com.au city-automotive.com.au eagersmitsubishi.com.au city-automotive.com.au city-automotive.com.au eagersmitsubishi.com.au
city-automotive.com.au city-automotive.com.au
citypeugeotbrisbane.com.au city-automotive.com.au city-automotive.com.au citypeugeotbrisbane.com.au
subarucity.com.au subarucity.com.au subarucity.com.au city-automotive.com.au subarucity.com.au
city-automotive.com.au subarucity.com.au australvw.com.au australhonda.com.au apeagers.com.au australvw.com.au
australmotors.com.au australmotors.com.au australvw.com.au australvw.com.au
eagers-mazda.com.au eagersmazda.com.au eagersmazda.com.au eagers-mazda.com.au eagersmazda.com.au
torqueford.com.au torqueford.com.au torqueford.com.au
torqueford.com.au torqueford.com.au
australvw.com.au australmotors.com.au australhonda.com.au australmotors.com.au
southsidetoyota.com.au southsidetoyota.com.au
southsidetoyota.com.au southsidehonda.com.au southsidetoyota.com.au
australmotors.com.au australmotors.com.au australhonda.com.au australvw.com.au australmotors.com.au
australmotors.com.au hiddenvalleyford.com.au apeagers.com.au metroford.com.au metrotorque.com.au australmotors.com.au australvw.com.au australlandrover.com.au australhonda.com.au australmotors.com.au apeagers.com.au
torquegroup.com.au torqueford.com.au metrotorque.com.au torquetoyota.com.au strathpinetoyota.com.au torquetoyota.com.au torquegroup.com.au
australhonda.com.au australhonda.com.au australmotors.com.au australmotors.com.au australhonda.com.au australmotors.com.au australhonda.com.au australhonda.com.au
subarucity.com.au city-automotive.com.au city-automotive.com.au
eagers.com.au apeagers.com.au apeagers.com.au
southsidetoyota.com.au southsidetoyota.com.au southsidetoyota.com.au southsidetoyota.com.au
southsidetoyota.com.au southsidetoyota.com.au southsidetoyota.com.au southsidetoyota.com.au
southsidetoyota.com.au southsidetoyota.com.au southsidetoyota.com.au southsidetoyota.com.au southsidetoyota.com.au
southsidetoyota.com.au southsidetoyota.com.au southsidetoyota.com.au
southsidetoyota.com.au southsidetoyota.com.au southsidetoyota.com.au southsidetoyota.com.au
southsidetoyota.com.au southsidetoyota.com.au
southsidehonda.com.au southsidehonda.com.au southsidetoyota.com.au southsidehonda.com.au
southsidetoyota.com.au southsidetoyota.com.au
southsidetoyota.com.au southsidetoyota.com.au southsidetoyota.com.au
subarutoowong.com.au subarutoowong.com.au subarucity.com.au subarutoowong.com.au city-automotive.com.au subarutoowong.com.au
metroford.com.au metroford.com.au metrotorque.com.au metroford.com.au metrotorque.com.au metrotorque.com.au metrotorque.com.au metroford.com.au
southsideford.com.au southsideford.com.au southsideford.com.au
southsideford.com.au southsideford.com.au
southsidehonda.com.au southsidehonda.com.au southsidehonda.com.au southsidehonda.com.au southsidehonda.com.au southsidehonda.com.au southsidehonda.com.au southsidehonda.com.au southsidehonda.com.au
southsidetoyota.com.au southsidetoyota.com.au southsidetoyota.com.au
southsidetoyota.com.au southsidetoyota.com.au southsidetoyota.com.au southsidetoyota.com.au southsidetoyota.com.au
eagers.com.au 13zoos.com 13zoos.com.au apeagers.com.au apeagers.com.au
eagers.com.au metrotorque.com.au apeagers.com.au apeagers.com.au
eagers.com.au eagers.com.au eagers.com.au apeagers.com.au eagers.com.au
southsidetoyota.com.au southsidetoyota.com.au
metroparts.com.au metroparts.com.au
australlandrover.com.au australlandrover.com.au
metroford.com.au metroford.com.au
eagers.com.au torqueford.com.au apeagers.com.au apeagers.com.au
torqueford.com.au torqueford.com.au
metroford.com.au metroford.com.au metroford.com.au metroford.com.au metroford.com.au metroford.com.au metroford.com.au
subarucity.com.au city-automotive.com.au city-automotive.com.au subarucity.com.au
subarucity.com.au subarucity.com.au subarutoowong.com.au westpointsubaru.com.au subarucity.com.au
southsidehonda.com.au southsidehonda.com.au southsidehonda.com.au
southsidetoyota.com.au southsidetoyota.com.au
torquetoyota.com.au torquetoyota.com.au
metrotorque.com.au apeagers.com.au apeagers.com.au
torqueford.com.au metrotorque.com.au torqueford.com.au
metroford.com.au metroford.com.au metrotorque.com.au metroford.com.au metrotorque.com.au metrotorque.com.au metroford.com.au
apeagers.com.au eagers.com.au eagers.com.au
eagersholden.com.au eagersfleet.com.au eagers.com.au eagersfleet.com.au
southsideford.com.au metroford.com.au metroford.com.au
australlandrover.com.au australmotors.com.au australlandrover.com.au australmotors.com.au australlandrover.com.au
eagers.com.au eagersholden.com.au eagersholden.com.au
torqueford.com.au metroparts.com.au torqueford.com.au
calcityautos.com.au australmotors.com.au calcityautos.com.au calcityautos.com.au
australhonda.com.au australhonda.com.au
southsidetoyota.com.au strathpinetoyota.com.au torquetoyota.com.au torqueford.com.au australhonda.com.au australjaguar.com.au australlandrover.com.au australmgrover.com.au australmotors.com.au australvolvo.com.au australvw.com.au autoemf.com.au brisbanecityjaguar.com.au eagers.com.au eagers-kia.com.au eagers-mazda.com.au met.torquetoyota.com.au metroparts.com.au metrotorque.com.au southsidehonda.com.au southsidelandrover.com.au australporsche.com.au australvolkswagen.com.au southsideford.com.au porschecentrebrisbane.com.au apeagers.com.au apeagers.com.au
southsidetoyota.com.au strathpinetoyota.com.au torquetoyota.com.au torqueford.com.au australhonda.com.au australjaguar.com.au australlandrover.com.au australmgrover.com.au australmotors.com.au australvolvo.com.au australvw.com.au autoemf.com.au brisbanecityjaguar.com.au eagers.com.au eagers-kia.com.au eagers-mazda.com.au met.torquetoyota.com.au metroparts.com.au metrotorque.com.au southsidehonda.com.au southsidelandrover.com.au australporsche.com.au australvolkswagen.com.au southsideford.com.au porschecentrebrisbane.com.au apeagers.com.au apeagers.com.au
eagers.com.au apeagers.com.au apeagers.com.au
southsidehonda.com.au southsidehonda.com.au southsidehonda.com.au southsidehonda.com.au
southsidetoyota.com.au southsidetoyota.com.au southsidetoyota.com.au southsidetoyota.com.au
southsidetoyota.com.au southsidehonda.com.au southsidehonda.com.au southsidetoyota.com.au southsidetoyota.com.au southsidehonda.com.au
southsidetoyota.com.au southsidetoyota.com.au
strathpinetoyota.com.au torquetoyota.com.au torquetoyota.com.au
citypeugeotbrisbane.com.au apeagers.com.au westpointsubaru.com.au apeagers.com.au
torquetoyota.com.au torquekia.com.au strathpinetoyota.com.au torquetoyota.com.au
torquetoyota.com.au torquetoyota.com.au
torquetoyota.com.au strathpinetoyota.com.au torquetoyota.com.au
torquetoyota.com.au strathpinetoyota.com.au torquetoyota.com.au
torquetoyota.com.au torquetoyota.com.au torquetoyota.com.au torquetoyota.com.au
torquetoyota.com.au torquetoyota.com.au torquetoyota.com.au strathpinetoyota.com.au torquetoyota.com.au
southsidetoyota.com.au strathpinetoyota.com.au torquetoyota.com.au torqueford.com.au australhonda.com.au australjaguar.com.au australlandrover.com.au australmgrover.com.au australmotors.com.au australvolvo.com.au australvw.com.au autoemf.com.au brisbanecityjaguar.com.au eagers.com.au eagers-kia.com.au eagers-mazda.com.au met.torquetoyota.com.au metroparts.com.au metrotorque.com.au southsidehonda.com.au southsidelandrover.com.au australporsche.com.au australvolkswagen.com.au southsideford.com.au porschecentrebrisbane.com.au apeagers.com.au apeagers.com.au
southsidetoyota.com.au strathpinetoyota.com.au torquetoyota.com.au torqueford.com.au australhonda.com.au australjaguar.com.au australlandrover.com.au australmgrover.com.au australmotors.com.au australvolvo.com.au australvw.com.au autoemf.com.au brisbanecityjaguar.com.au eagers.com.au eagers-kia.com.au eagers-mazda.com.au met.torquetoyota.com.au metroparts.com.au metrotorque.com.au southsidehonda.com.au southsidelandrover.com.au australporsche.com.au australvolkswagen.com.au southsideford.com.au porschecentrebrisbane.com.au apeagers.com.au apeagers.com.au
southsidetoyota.com.au strathpinetoyota.com.au torquetoyota.com.au torqueford.com.au australhonda.com.au australjaguar.com.au australlandrover.com.au australmgrover.com.au australmotors.com.au australvolvo.com.au australvw.com.au autoemf.com.au brisbanecityjaguar.com.au eagers.com.au eagers-kia.com.au eagers-mazda.com.au met.torquetoyota.com.au metroparts.com.au metrotorque.com.au southsidehonda.com.au southsidelandrover.com.au australporsche.com.au australvolkswagen.com.au southsideford.com.au porschecentrebrisbane.com.au apeagers.com.au apeagers.com.au
metroford.com.au metrotorque.com.au metroparts.com.au citypeugeot.com.au metroford.com.au metrotorque.com.au torqueford.com.au metroford.com.au
metroford.com.au metrotorque.com.au metroford.com.au
torqueford.com.au torqueford.com.au torqueford.com.au torqueford.com.au
southsidetoyota.com.au southsidetoyota.com.au
southsidetoyota.com.au southsidetoyota.com.au
southsidetoyota.com.au southsidetoyota.com.au southsidetoyota.com.au southsidetoyota.com.au
southsidetoyota.com.au southsidetoyota.com.au
southsidetoyota.com.au southsidehonda.com.au southsidetoyota.com.au southsidetoyota.com.au southsidetoyota.com.au southsidetoyota.com.au southsidetoyota.com.au
southsidetoyota.com.au southsidetoyota.com.au southsidetoyota.com.au southsidetoyota.com.au
eagers.com.au torqueford.com.au metrotorque.com.au torqueford.com.au
southsidetoyota.com.au strathpinetoyota.com.au torquetoyota.com.au torqueford.com.au australhonda.com.au australjaguar.com.au australlandrover.com.au australmgrover.com.au australmotors.com.au australvolvo.com.au australvw.com.au autoemf.com.au brisbanecityjaguar.com.au eagers.com.au eagers-kia.com.au eagers-mazda.com.au met.torquetoyota.com.au metroparts.com.au metrotorque.com.au southsidehonda.com.au southsidelandrover.com.au australporsche.com.au australvolkswagen.com.au southsideford.com.au porschecentrebrisbane.com.au apeagers.com.au apeagers.com.au
southsidetoyota.com.au strathpinetoyota.com.au torquetoyota.com.au torqueford.com.au australhonda.com.au australjaguar.com.au australlandrover.com.au australmgrover.com.au australmotors.com.au australvolvo.com.au australvw.com.au autoemf.com.au brisbanecityjaguar.com.au eagers.com.au eagers-kia.com.au eagers-mazda.com.au met.torquetoyota.com.au metroparts.com.au metrotorque.com.au southsidehonda.com.au southsidelandrover.com.au australporsche.com.au australvolkswagen.com.au southsideford.com.au porschecentrebrisbane.com.au apeagers.com.au apeagers.com.au
australmotors.com.au australmotors.com.au
metroford.com.au metroford.com.au metroford.com.au metroford.com.au
metroford.com.au metrotorque.com.au metroford.com.au
torquetoyota.com.au torquetoyota.com.au
torqueford.com.au torqueford.com.au
metrotorque.com.au metropanel.com.au metropanel.com.au
metropanel.com.au metroford.com.au metrotorque.com.au metropanel.com.au
torquetoyota.com.au torquetoyota.com.au torquetoyota.com.au
metroparts.com.au metroparts.com.au metroparts.com.au
eagers.com.au eagers.com.au
southsidetoyota.com.au southsidetoyota.com.au southsidetoyota.com.au southsidetoyota.com.au southsidetoyota.com.au
torquetoyota.com.au apeagers.com.au torquekia.com.au strathpinetoyota.com.au torquetoyota.com.au
torquetoyota.com.au apeagers.com.au strathpinetoyota.com.au torquetoyota.com.au torquetoyota.com.au
torquetoyota.com.au torquetoyota.com.au
eagers.com.au eagersholden.com.au eagers.com.au eagers.com.au
eagers.com.au apeagers.com.au apeagers.com.au
eagers.com.au apeagers.com.au apeagers.com.au apeagers.com.au apeagers.com.au
porschecentrebrisbane.com.au porschecentrebrisbane.com.au porschecentrebrisbane.com.au porschecentrebrisbane.com.au porschecentrebrisbane.com.au porschecentrebrisbane.com.au
porschecentrebrisbane.com.au porschecentrebrisbane.com.au
australvolvo.com.au australvolvo.com.au australmotors.com.au australjaguar.com.au australvolvo.com.au australlandrover.com.au australvolvo.com.au
city-automotive.com.au city-automotive.com.au city-automotive.com.au city-automotive.com.au
eagersmazda.com.au eagers-mazda.com.au eagersmazda.com.au
australmotors.com.au australmotors.com.au australmotors.com.au australmotors.com.au australvolvo.com.au australmotors.com.au
torquetoyota.com.au apeagers.com.au strathpinetoyota.com.au torquetoyota.com.au
city-automotive.com.au city-automotive.com.au
metroford.com.au metrotorque.com.au metroford.com.au
metroparts.com.au metroparts.com.au metroparts.com.au
torquegroup.com.au torquetoyota.com.au torquegroup.com.au strathpinetoyota.com.au torquetoyota.com.au metrotorque.com.au torquetoyota.com.au
torquetoyota.com.au torquetoyota.com.au torquetoyota.com.au
torquegroup.com.au torquetoyota.com.au torqueford.com.au torquehonda.com.au torquegroup.com.au
torquetoyota.com.au strathpinetoyota.com.au torquetoyota.com.au
southsidetoyota.com.au southsidetoyota.com.au southsidetoyota.com.au
metroparts.com.au metroparts.com.au metroparts.com.au
southsidetoyota.com.au southsidetoyota.com.au southsidetoyota.com.au southsidetoyota.com.au southsidetoyota.com.au southsidetoyota.com.au southsidetoyota.com.au
apeagers.com.au apeagers.com.au
australvolvo.com.au southsidevolvo.com.au southsidelandrover.com.au brisbanecityjaguar.com.au australvolvo.com.au australmotors.com.au australlandrover.com.au australmotors.com.au
southsidetoyota.com.au southsidetoyota.com.au southsidetoyota.com.au southsidetoyota.com.au southsidetoyota.com.au
southsidetoyota.com.au southsidetoyota.com.au southsidetoyota.com.au
southsidetoyota.com.au southsidetoyota.com.au southsidetoyota.com.au southsidetoyota.com.au southsidetoyota.com.au
apeagers.com.au apeagers.com.au
apeagers.com.au apeagers.com.au
apeagers.com.au apeagers.com.au
eagers.com.au eagers.com.au
australmotors.com.au brisbanecityjaguar.com.au australvolvo.com.au australmotors.com.au
australmotors.com.au southsidelandrover.com.au southsidelandrover.com.au southsidevolvo.com.au southsidevolvo.com.au southsidelandrover.com.au
subarutoowong.com.au westpointsubaru.com.au subarutoowong.com.au
subarutoowong.com.au westpointsubaru.com.au westpointsubaru.com.au westpointsubaru.com.au subarutoowong.com.au
subarutoowong.com.au apeagers.com.au apeagers.com.au
subarutoowong.com.au westpointsubaru.com.au subarutoowong.com.au
subarutoowong.com.au subarutoowong.com.au
subarutoowong.com.au subarutoowong.com.au subarutoowong.com.au subarutoowong.com.au
subarutoowong.com.au subarutoowong.com.au subarutoowong.com.au
australprestige.com.au australlandrover.com.au australjaguar.com.au australmotors.com.au brisbanecityjaguar.com.au australjaguar.com.au australjaguar.com.au apeagers.com.au brisbanecityjaguar.com.au brisbanecityjaguar.com.au australmotors.com.au
australmotors.com.au australmotors.com.au australmotors.com.au
australmotors.com.au citypeugeotbrisbane.com.au australlandrover.com.au australjaguar.com.au australvolvo.com.au australmotors.com.au australvolvo.com.au australlandrover.com.au australjaguar.com.au citypeugeotbrisbane.com.au
australmotors.com.au brisbanecityjaguar.com.au australmotors.com.au
australlandrover.com.au australmotors.com.au australvolvo.com.au brisbanecityjaguar.com.au brisbanecityjaguar.com.au australvolvo.com.au australmotors.com.au
australjaguar.com.au australlandrover.com.au australmotors.com.au brisbanecityjaguar.com.au australvolvo.com.au australmotors.com.au australvolvo.com.au australmotors.com.au
eagers.com.au eagersholden.com.au eagers.com.au eagers.com.au eagersholden.com.au
southsidehonda.com.au southsidehonda.com.au southsidehonda.com.au
southsidelandrover.com.au southsidevolvo.com.au southsidelandrover.com.au
metrotorque.com.au metroford.com.au metroford.com.au
torqueford.com.au metrotorque.com.au metrotorque.com.au
metroford.com.au metroford.com.au apeagers.com.au metroford.com.au apeagers.com.au metroford.com.au
torquehonda.com.au torqueford.com.au metrotorque.com.au torqueford.com.au
eagers.com.au eagers.com.au apeagers.com.au eagers.com.au
southsideford.com.au southsideford.com.au
southsideford.com.au southsideford.com.au
southsideford.com.au southsideford.com.au southsideford.com.au southsideford.com.au southsideford.com.au southsideford.com.au
southsideford.com.au southsideford.com.au
torquetoyota.com.au apeagers.com.au torquegroup.com.au torqueford.com.au torqueford.com.au torquegroup.com.au
metroford.com.au metroford.com.au metroford.com.au metroford.com.au metroford.com.au metroford.com.au metrotorque.com.au metroford.com.au
metroford.com.au metroford.com.au
torqueford.com.au torqueford.com.au
metroford.com.au metrotorque.com.au metroford.com.au
metrotorque.com.au metrotorque.com.au
torqueford.com.au torqueford.com.au metrotorque.com.au torqueford.com.au
torqueford.com.au torqueford.com.au
torquetoyota.com.au torquetoyota.com.au torquetoyota.com.au
australjaguar.com.au brisbanecityjaguar.com.au australmotors.com.au australlandrover.com.au australvolvo.com.au australmotors.com.au
australjaguar.com.au australmotors.com.au australlandrover.com.au australvolvo.com.au australlandrover.com.au australmotors.com.au
australmotors.com.au australmotors.com.au australmotors.com.au australmotors.com.au
southsideford.com.au metroford.com.au metrotorque.com.au metroford.com.au
apeagers.com.au metroford.com.au apeagers.com.au metrotorque.com.au metrotorque.com.au apeagers.com.au
metroford.com.au metroford.com.au metrotorque.com.au metroford.com.au
apeagers.com.au metroford.com.au metrotorque.com.au apeagers.com.au
southsideford.com.au metroford.com.au metroford.com.au metrotorque.com.au metroford.com.au
metroford.com.au citypeugeotbrisbane.com.au metroford.com.au
eagers.com.au eagers.com.au eagers.com.au
eagers.com.au eagers.com.au
eagers-mazda.com.au eagersmazda.com.au eagers-mazda.com.au eagersmazda.com.au
eagers.com.au eagers.com.au
grwcars.com.au eagershsv.com.au eagers.com.au homedrive.com.au eagersmitsubishi.com.au eagersholden.com.au eagers.com.au eagers.com.au eagers.com.au eagers.com.au eagers.com.au eagers.com.au eagers.com.au eagers.com.au
eagers.com.au eagers.com.au
eagers-mazda.com.au eagersmazda.com.au eagersmazda.com.au
metroford.com.au metrotorque.com.au metroford.com.au
torquetoyota.com.au apeagers.com.au torquetoyota.com.au
metrotorque.com.au metropanel.com.au metrotorque.com.au metropanel.com.au
apeagers.com.au torquetoyota.com.au torquetoyota.com.au
metroparts.com.au metroparts.com.au
southsideford.com.au southsideford.com.au southsideford.com.au metroford.com.au metroford.com.au southsideford.com.au
torqueford.com.au torqueford.com.au torqueford.com.au
australvolvo.com.au australvolvo.com.au australvolvo.com.au
metroparts.com.au metroparts.com.au
eagers.com.au eagers.com.au
torqueford.com.au metrotorque.com.au torqueford.com.au
porschecentrebrisbane.com.au porschecentrebrisbane.com.au porschecentrebrisbane.com.au porschecentrebrisbane.com.au
eagers.com.au apeagers.com.au apeagers.com.au
torqueford.com.au torqueford.com.au torqueford.com.au torqueford.com.au torqueford.com.au
metroparts.com.au metroparts.com.au
metroparts.com.au metrotorque.com.au metroparts.com.au metrotorque.com.au metroparts.com.au
torqueford.com.au torqueford.com.au torqueford.com.au
metroparts.com.au metrotorque.com.au metroparts.com.au
metroparts.com.au metroparts.com.au metroparts.com.au
torquegroup.com.au apeagers.com.au torquehonda.com.au torqueford.com.au torquegroup.com.au
metroparts.com.au metroparts.com.au
metroparts.com.au metroparts.com.au
torqueford.com.au metrotorque.com.au torqueford.com.au
metroparts.com.au metroparts.com.au metroparts.com.au
torqueford.com.au torqueford.com.au
metroparts.com.au eagers-mazda.com.au eagers-mazda.com.au eagers-mazda.com.au metroparts.com.au eagers.com.au metroparts.com.au
metroparts.com.au metroparts.com.au
torqueford.com.au torquetoyota.com.au metrotorque.com.au torqueford.com.au
porschecentrebrisbane.com.au porschecentrebrisbane.com.au porschecentrebrisbane.com.au
torquetoyota.com.au torqueford.com.au torquetoyota.com.au torquetoyota.com.au torquekia.com.au metrotorque.com.au torquetoyota.com.au
torqueford.com.au metrotorque.com.au torqueford.com.au
torqueford.com.au torqueford.com.au
torqueford.com.au metrotorque.com.au torqueford.com.au
metroparts.com.au metroparts.com.au
torquetoyota.com.au torquetoyota.com.au
metroparts.com.au metroparts.com.au
torquesubaru.com.au subarutoowong.com.au city-automotive.com.au westpointsubaru.com.au westpointsubaru.com.au torquesubaru.com.au
metroparts.com.au metroparts.com.au
southsidetoyota.com.au southsidetoyota.com.au
eagers.com.au australmotors.com.au australhonda.com.au apeagers.com.au apeagers.com.au
southsidetoyota.com.au southsidetoyota.com.au southsidetoyota.com.au southsidetoyota.com.au southsidetoyota.com.au
eagers.com.au eagers.com.au
australmotors.com.au australmotors.com.au australvolvo.com.au australmotors.com.au
porschecentrebrisbane.com.au porschecentrebrisbane.com.au porschecentrebrisbane.com.au
eagersmitsubishi.com.au metroford.com.au citypeugeotbrisbane.com.au metroford.com.au
city-automotive.com.au apeagers.com.au citypeugeotbrisbane.com.au metroford.com.au city-automotive.com.au apeagers.com.au
eagers.com.au eagers.com.au
metroford.com.au southsideford.com.au southsideford.com.au metroford.com.au
southsideford.com.au metroford.com.au metroford.com.au
southsideford.com.au southsideford.com.au
eagers.com.au apeagers.com.au apeagers.com.au
australvw.com.au australvw.com.au australvw.com.au apeagers.com.au australmotors.com.au australmotors.com.au australvw.com.au
southsidetoyota.com.au southsidetoyota.com.au southsidetoyota.com.au southsidetoyota.com.au
eagers.com.au eagerskia.com.au eagerskia.com.au eagerskia.com.au eagerskia.com.au eagerskia.com.au eagers.com.au eagerskia.com.au eagerskia.com.au
metroford.com.au metroford.com.au
torquetoyota.com.au torquetoyota.com.au
city-automotive.com.au subarucity.com.au city-automotive.com.au subarucity.com.au
australvw.com.au australvw.com.au australvw.com.au
eagers.com.au eagersholden.com.au eagers.com.au eagers.com.au eagers.com.au eagersholden.com.au
eagers.com.au eagers.com.au
torquetoyota.com.au torquetoyota.com.au
torquegroup.com.au apeagers.com.au torqueford.com.au torquegroup.com.au
eagersholden.com.au eagers.com.au eagersholden.com.au
torquetoyota.com.au torquetoyota.com.au torquetoyota.com.au
australhonda.com.au australhonda.com.au
australvw.com.au australhonda.com.au australvw.com.au
australvw.com.au australvw.com.au australmotors.com.au australvw.com.au australvw.com.au australvw.com.au
australhonda.com.au australvw.com.au australvw.com.au
australmotors.com.au australmotors.com.au
subarucity.com.au subarucity.com.au subarucity.com.au subarucity.com.au
subarucity.com.au subarutoowong.com.au subarutoowong.com.au
australvw.com.au australmotors.com.au australvw.com.au
metroford.com.au apeagers.com.au apeagers.com.au
apeagers.com.au apeagers.com.au apeagers.com.au
australvolvo.com.au brisbanecityjaguar.com.au australmotors.com.au australvolvo.com.au
australvolvo.com.au australvolvo.com.au
australvolvo.com.au southsidevolvo.com.au southsidelandrover.com.au southsidelandrover.com.au southsidelandrover.com.au southsidevolvo.com.au australvolvo.com.au
metroparts.com.au metroparts.com.au
metroparts.com.au metroparts.com.au metroparts.com.au
eagersmazda.com.au eagers.com.au eagers.com.au australmotors.com.au australmotors.com.au eagers.com.au
torquetoyota.com.au torquetoyota.com.au torquekia.com.au strathpinetoyota.com.au apeagers.com.au torquetoyota.com.au
subarucity.com.au subarucity.com.au citypeugeotbrisbane.com.au city-automotive.com.au subarucity.com.au
eagersmitsubishi.com.au city-automotive.com.au eagersmitsubishi.com.au
australmotors.com.au australmotors.com.au
eagersholden.com.au eagers.com.au eagersholden.com.au
australmotorgroup.com.au australmotorgroup.com.au audicentresunshinecoast.com.au audicentresunshinecoast.com.au australmotorgroup.com.au audicentresunshinecoast.com.au australmotorgroup.com.au
australmotorgroup.com.au audicentresunshinecoast.com.au australmotorgroup.com.au audicentresunshinecoast.com.au audicentresunshinecoast.com.au
audicentresunshinecoast.com.au australmotorgroup.com.au australmotorgroup.com.au australmotors.com.au australmotorgroup.com.au
australmotorgroup.com.au australmotorgroup.com.au australmotorgroup.com.au audicentresunshinecoast.com.au audicentresunshinecoast.com.au australmotorgroup.com.au
citroensunshinecoast.com.au test.com audicentresunshinecoast.com.au australmotorgroup.com.au australmotorgroup.com.au
citroensunshinecoast.com.au australmotorgroup.com.au audicentresunshinecoast.com.au australmotorgroup.com.au australmotorgroup.com.au audicentresunshinecoast.com.au audicentresunshinecoast.com.au
australmotorgroup.com.au audicentresunshinecoast.com.au australmotorgroup.com.au australmotorgroup.com.au australmotorgroup.com.au
australhonda.com.au australhonda.com.au australhonda.com.au australhonda.com.au
australlandrover.com.au australlandrover.com.au
australlandrover.com.au australlandrover.com.au
australlandrover.com.au australlandrover.com.au
metroford.com.au metroford.com.au
torquetoyota.com.au torquetoyota.com.au torquetoyota.com.au
torquetoyota.com.au torquetoyota.com.au
eagersmazda.com.au eagers-mazda.com.au eagersmazda.com.au
australvolvo.com.au australjaguar.com.au australmotors.com.au australvolvo.com.au
porschecentrebrisbane.com.au porschecentrebrisbane.com.au porschecentrebrisbane.com.au
australvw.com.au australvw.com.au
eagers-kia.com.au eagers.com.au eagerskia.com.au eagerskia.com.au
eagers-kia.com.au eagers.com.au eagerskia.com.au eagerskia.com.au
eagersmazda.com.au eagers-mazda.com.au eagers-mazda.com.au eagersmazda.com.au
eagersholden.com.au eagers.com.au eagersholden.com.au
eagersholden.com.au eagers.com.au eagersholden.com.au
eagersmitsubishi.com.au eagers.com.au eagers.com.au eagers.com.au eagers.com.au eagers.com.au eagersmitsubishi.com.au
eagerskia.com.au grwcars.com.au eagersmitsubishi.com.au eagers.com.au eagers.com.au grwcars.com.au
eagersholden.com.au eagers.com.au eagers.com.au
eagers.com.au apeagers.com.au apeagers.com.au
southsidetoyota.com.au southsidetoyota.com.au southsidetoyota.com.au
southsidetoyota.com.au southsidetoyota.com.au southsidetoyota.com.au southsidetoyota.com.au southsidetoyota.com.au
southsidetoyota.com.au southsidetoyota.com.au southsidetoyota.com.au southsidetoyota.com.au southsidetoyota.com.au
southsidetoyota.com.au southsidetoyota.com.au
city-automotive.com.au citypeugeotbrisbane.com.au citypeugeotbrisbane.com.au
southsidetoyota.com.au southsidetoyota.com.au
eagersmitsubishi.com.au city-automotive.com.au eagersmitsubishi.com.au
subarutoowong.com.au subarucity.com.au subarucity.com.au subarutoowong.com.au
torqueford.com.au metrotorque.com.au torquehonda.com.au torquehonda.com.au
apeagers.com.au apeagers.com.au
torqueford.com.au torquegroup.com.au torquehonda.com.au torquehonda.com.au
apeagers.com.au apeagers.com.au
torquehonda.com.au torquehonda.com.au
apeagers.com.au apeagers.com.au
eagersholden.com.au eagers.com.au eagersholden.com.au
apeagers.com.au apeagers.com.au
subarutoowong.com.au subarutoowong.com.au
torquehonda.com.au torquehonda.com.au
australvw.com.au australvw.com.au australvw.com.au australvw.com.au
southsidetoyota.com.au southsidetoyota.com.au
australmotors.com.au australmotors.com.au australmotors.com.au australmotors.com.au
southsidetoyota.com.au southsidetoyota.com.au
subarutoowong.com.au subarucity.com.au subarutoowong.com.au
torquetoyota.com.au torquetoyota.com.au
apeagers.com.au apeagers.com.au
eagers.com.au eagers.com.au eagers.com.au
eagers.com.au apeagers.com.au apeagers.com.au
brisbanemotorauctions.com.au apbma.com.au brisbanemotorauctions.com.au apeagers.com.au apbma.com.au
brisbanemotorauctions.com.au apbma.com.au apbma.com.au
brisbanemotorauctions.com.au apbma.com.au apbma.com.au
brisbanemotorauctions.com.au apbma.com.au apbma.com.au
brisbanemotorauctions.com.au apbma.com.au apbma.com.au
apbma.com.au brisbanemotorauctions.com.au brisbanemotorauctions.com.au apbma.com.au
brisbanemotorauctions.com.au apbma.com.au apbma.com.au
apbma.com.au brisbanemotorauctions.com.au 13zoos.com.au 13zoos.com apbma.com.au
apbma.com.au brisbanemotorauctions.com.au apbma.com.au brisbanemotorauctions.com.au apbma.com.au
brisbanemotorauctions.com.au apbma.com.au apbma.com.au
brisbanemotorauctions.com.au apbma.com.au brisbanemotorauctions.com.au brisbanemotorauctions.com.au brisbanemotorauctions.com.au apeagers.com.au apbma.com.au
brisbanemotorauctions.com.au apbma.com.au brisbanemotorauctions.com.au apeagers.com.au 13zoos.com.au apbma.com.au
brisbanemotorauctions.com.au apbma.com.au apbma.com.au
southsidetoyota.com.au
australmotors.com.au australvolvo.com.au australmotors.com.au australmotors.com.au australvolvo.com.au
southsidetoyota.com.au southsidetoyota.com.au southsidetoyota.com.au
porschecentrebrisbane.com.au porschecentrebrisbane.com.au
porschecentrebrisbane.com.au porschecentrebrisbane.com.au
porschecentrebrisbane.com.au porschecentrebrisbane.com.au
australmotors.com.au city-automotive.com.au city-automotive.com.au
eagers.com.au eagersholden.com.au eagersholden.com.au
eagers.com.au eagers.com.au eagers.com.au
metroford.com.au metroford.com.au
eagers.com.au apeagers.com.au apeagers.com.au
australhonda.com.au australhonda.com.au australhonda.com.au
torqueford.com.au torqueford.com.au
apeagers.com.au apeagers.com.au
torqueford.com.au torqueford.com.au
australvw.com.au australvw.com.au australvw.com.au
australvw.com.au australvw.com.au australvw.com.au
eagers.com.au apeagers.com.au apeagers.com.au
torquehonda.com.au torquehonda.com.au
metroparts.com.au city-automotive.com.au city-automotive.com.au
eagersmitsubishi.com.au city-automotive.com.au city-automotive.com.au
brisbanemotorauctions.com.au apbma.com.au apbma.com.au
apeagers.com.au apeagers.com.au
australjaguar.com.au australmotors.com.au australmotors.com.au
subarucity.com.au torquesubaru.com.au city-automotive.com.au subarucity.com.au
torquesubaru.com.au torquesubaru.com.au
torquetoyota.com.au torquesubaru.com.au torquesubaru.com.au
southsidetoyota.com.au southsidetoyota.com.au southsidetoyota.com.au
southsidetoyota.com.au southsidetoyota.com.au
southsidetoyota.com.au southsidetoyota.com.au
southsidetoyota.com.au southsidetoyota.com.au
southsidetoyota.com.au southsidetoyota.com.au southsidetoyota.com.au
southsidetoyota.com.au southsidetoyota.com.au
australmotors.com.au australmotors.com.au australmotors.com.au
southsidetoyota.com.au southsidetoyota.com.au
southsidetoyota.com.au southsidetoyota.com.au
southsidetoyota.com.au southsidetoyota.com.au
southsidetoyota.com.au southsidetoyota.com.au
brisbanemotorauctions.com.au apbma.com.au apbma.com.au
citypeugeotbrisbane.com.au city-automotive.com.au citypeugeotbrisbane.com.au
apbma.com.au brisbanemotorauctions.com.au apbma.com.au apbma.com.au
kloster.com.au
eagersholden.com.au apeagers.com.au apeagers.com.au
apeagers.com.au apeagers.com.au
apeagers.com.au apeagers.com.au
apeagers.com.au apeagers.com.au
metroparts.com.au metroparts.com.au
metroparts.com.au metroparts.com.au
torquetoyota.com.au torquetoyota.com.au
australmotorgroup.com.au australmotorgroup.com.au
torquesubaru.com.au torquesubaru.com.au torquesubaru.com.au
torquesubaru.com.au torquesubaru.com.au
southsidetoyota.com.au southsidetoyota.com.au
apeagers.com.au apeagers.com.au
apeagers.com.au apeagers.com.au
apeagers.com.au apeagers.com.au
apeagers.com.au apeagers.com.au
apeagers.com.au apeagers.com.au
torquetoyota.com.au torquetoyota.com.au
apeagers.com.au apeagers.com.au
apeagers.com.au porschecentrebrisbane.com.au porschecentrebrisbane.com.au porschecentrebrisbane.com.au
eagers.com.au
eagersmitsubishi.com.au eagers.com.au eagers.com.au
southsidetoyota.com.au southsidetoyota.com.au
apeagers.com.au eagers.com.au apeagers.com.au apeagers.com.au
eagers-mazda.com.au eagersmazda.com.au apeagers.com.au eagersmazda.com.au
apeagers.com.au apeagers.com.au
torquetoyota.com.au torquetoyota.com.au
eagers.com.au eagersholden.com.au eagersholden.com.au
1300zoos.com 13zoos.com.au 13zoos.com 1300zoos.com.au 1300zoos.com 13zoos.com.au
southsidetoyota.com.au southsidetoyota.com.au southsidetoyota.com.au
eagers.com.au eagers.com.au
eagers.com.au eagers.com.au
apeagers.com.au apeagers.com.au apeagers.com.au
apeagers.com.au apeagers.com.au eagers.com.au apeagers.com.au apeagers.com.au
apeagers.com.au apeagers.com.au
apeagers.com.au apeagers.com.au
apeagers.com.au apeagers.com.au
torquetoyota.com.au torquegroup.com.au torquetoyota.com.au torquetoyota.com.au
brisbanemotorauctions.com.au apbma.com.au apbma.com.au
apeagers.com.au eagersmazda.com.au eagersmazda.com.au
eagers.com.au eagersholden.com.au eagersholden.com.au eagersholden.com.au
torquetoyota.com.au torquetoyota.com.au
southsidetoyota.com.au southsidetoyota.com.au
torquegroup.com.au torquetoyota.com.au torquegroup.com.au
southsidehonda.com.au southsidehonda.com.au
torquehonda.com.au torqueford.com.au torqueford.com.au
apeagers.com.au apeagers.com.au
apeagers.com.au apeagers.com.au
apeagers.com.au apeagers.com.au
apeagers.com.au apeagers.com.au
apeagers.com.au apeagers.com.au
southsidehonda.com.au southsidehonda.com.au
eagersholden.com.au eagers.com.au eagersholden.com.au
southsidetoyota.com.au southsidetoyota.com.au
torquetoyota.com.au torquetoyota.com.au
apeagers.com.au apeagers.com.au
australmotors.com.au australmotors.com.au
southsidehonda.com.au southsidehonda.com.au
metroford.com.au metroford.com.au
citroensunshinecoast.com.au audicentresunshinecoast.com.au audicentresunshinecoast.com.au
australhonda.com.au australhonda.com.au australhonda.com.au
southsidetoyota.com.au southsidetoyota.com.au
homedrive.com.au apeagers.com.au homedrive.com.au
australmotorgroup.com.au australmotorgroup.com.au australmotorgroup.com.au
metroparts.com.au metroparts.com.au
eagers.com.au eagers.com.au
metroford.com.au apeagers.com.au metroford.com.au
torqueford.com.au torqueford.com.au
torquetoyota.com.au torquetoyota.com.au
australmotors.com.au southsidelandrover.com.au southsidevolvo.com.au southsidelandrover.com.au
torquetoyota.com.au torquetoyota.com.au
apeptc.com.au apeptc.com.au
apeagers.com.au apeagers.com.au
subarutoowong.com.au subarutoowong.com.au
eagersholden.com.au eagers.com.au eagersholden.com.au
torqueford.com.au torqueford.com.au
apeagers.com.au apeagers.com.au
apeagers.com.au apeagers.com.au
brisbanemotorauctions.com.au apbma.com.au apbma.com.au
eagersmazda.com.au eagersmazda.com.au
brisbanemotorauctions.com.au apbma.com.au apbma.com.au
eagers.com.au eagers.com.au
southsidehonda.com.au southsidehonda.com.au
eagers.com.au eagers.com.au
metroparts.com.au metroparts.com.au
torquehonda.com.au torquehonda.com.au
australvw.com.au australvw.com.au australvw.com.au australvw.com.au
apeagers.com.au apeagers.com.au
apeagers.com.au apeagers.com.au
apeagers.com.au apeagers.com.au
apeagers.com.au apeagers.com.au
apeagers.com.au apeagers.com.au
apeagers.com.au apeagers.com.au
southsidetoyota.com.au southsidetoyota.com.au
torquetoyota.com.au torquegroup.com.au torquegroup.com.au
torquetoyota.com.au torquetoyota.com.au
southsidehonda.com.au southsidehonda.com.au
torquegroup.com.au torquegroup.com.au
subarucity.com.au subarucity.com.au
australvolvo.com.au australvolvo.com.au
southsidetoyota.com.au southsidetoyota.com.au
southsidetoyota.com.au southsidetoyota.com.au
australvw.com.au australvw.com.au
eagers.com.au eagersholden.com.au eagersholden.com.au
metroford.com.au metroford.com.au
australjaguar.com.au brisbanecityjaguar.com.au brisbanecityjaguar.com.au australjaguar.com.au australvolvo.com.au brisbanecityjaguar.com.au australmotors.com.au australlandrover.com.au australmotors.com.au
apeagers.com.au apeagers.com.au
torquegroup.com.au torquegroup.com.au
southsidetoyota.com.au southsidetoyota.com.au
brisbanecityjaguar.com.au australlandrover.com.au australjaguar.com.au australlandrover.com.au
eagersmitsubishi.com.au eagersmitsubishi.com.au
torquetoyota.com.au torquetoyota.com.au
subarucity.com.au torquesubaru.com.au apeagers.com.au torquesubaru.com.au
eagers.com.au eagers.com.au
eagersholden.com.au eagersholden.com.au eagersholden.com.au
southsidetoyota.com.au southsidetoyota.com.au
apeagers.com.au apeagers.com.au apeagers.com.au
eagers.com.au eagersholden.com.au eagers.com.au eagers.com.au
eagersholden.com.au eagersholden.com.au
apeagers.com.au apeagers.com.au
apeagers.com.au apeagers.com.au
apeagers.com.au apeagers.com.au
apeagers.com.au apeagers.com.au
apeagers.com.au apeagers.com.au
apeagers.com.au apeagers.com.au
apeagers.com.au apeagers.com.au
metroford.com.au metroford.com.au
citypeugeotbrisbane.com.au citypeugeotbrisbane.com.au
apeagers.com.au apeagers.com.au
apeagers.com.au apeagers.com.au
torquetoyota.com.au torquetoyota.com.au
torquetoyota.com.au torquetoyota.com.au
eagers.com.au eagersholden.com.au eagersholden.com.au
subarutoowong.com.au subarutoowong.com.au
torquegroup.com.au torquetoyota.com.au torquegroup.com.au
southsideford.com.au southsideford.com.au
australhonda.com.au australhonda.com.au
australhonda.com.au australhonda.com.au
subarucity.com.au subarucity.com.au subarucity.com.au
metroford.com.au metroford.com.au
australvw.com.au australvw.com.au
australvw.com.au australvw.com.au
southsidehonda.com.au southsidehonda.com.au
apeagers.com.au apeagers.com.au
apbma.com.au brisbanemotorauctions.com.au apbma.com.au
eagersmazda.com.au eagers.com.au eagersmazda.com.au eagersmazda.com.au eagersmazda.com.au
torquetoyota.com.au torquetoyota.com.au
torquetoyota.com.au torquetoyota.com.au
torquetoyota.com.au torquetoyota.com.au
apeagers.com.au apeagers.com.au
australvw.com.au australvw.com.au australvw.com.au
eagersmazda.com.au eagers-mazda.com.au eagersmazda.com.au
australhonda.com.au australhonda.com.au
southsidetoyota.com.au southsidetoyota.com.au
eagersmazda.com.au eagersmazda.com.au
eagersmitsubishi.com.au eagersmitsubishi.com.au
apeagers.com.au apeagers.com.au
citroensunshinecoast.com.au australmotorgroup.com.au audicentresunshinecoast.com.au audicentresunshinecoast.com.au
apeagers.com.au apeagers.com.au
torqueford.com.au torqueford.com.au
citypeugeotbrisbane.com.au citypeugeotbrisbane.com.au citypeugeotbrisbane.com.au
torquehonda.com.au torquegroup.com.au torquetoyota.com.au torqueford.com.au torqueford.com.au
eagers.com.au eagerskia.com.au eagerskia.com.au
southsidehonda.com.au southsidehonda.com.au
metroford.com.au metroford.com.au
apeagers.com.au apeagers.com.au
australvw.com.au australvw.com.au
citypeugeotbrisbane.com.au citypeugeotbrisbane.com.au
southsidetoyota.com.au southsidetoyota.com.au
apbma.com.au apbma.com.au
apeagers.com.au apeagers.com.au
torqueford.com.au torqueford.com.au
subarucity.com.au subarucity.com.au
australvolvo.com.au australmotors.com.au australjaguar.com.au australlandrover.com.au australmotors.com.au
australhonda.com.au australhonda.com.au australhonda.com.au
australhonda.com.au australhonda.com.au
metroparts.com.au metroparts.com.au
southsideford.com.au southsideford.com.au
southsideford.com.au southsideford.com.au
eagersmitsubishi.com.au eagersmitsubishi.com.au
torquetoyota.com.au torquetoyota.com.au
subarutoowong.com.au subarutoowong.com.au subarucity.com.au torquesubaru.com.au subarutoowong.com.au
audicentresunshinecoast.com.au australmotorgroup.com.au australmotorgroup.com.au
eagers.com.au eagersholden.com.au eagersholden.com.au
southsidehonda.com.au southsidehonda.com.au
subarutoowong.com.au subarucity.com.au torquesubaru.com.au subarutoowong.com.au
eagersmazda.com.au eagersmitsubishi.com.au eagers.com.au eagers.com.au
calcityautos.com.au calcityautos.com.au calcityautos.com.au calcityautos.com.au calcityautos.com.au apeagers.com.au calcityautos.com.au calcityautos.com.au
citypeugeotbrisbane.com.au citypeugeotbrisbane.com.au
eagers.com.au eagers.com.au
australmotors.com.au australmotors.com.au
torquegroup.com.au torquegroup.com.au
apeagers.com.au apeagers.com.au
southsidehonda.com.au southsidehonda.com.au
southsidetoyota.com.au 13zoos.com.au southsidetoyota.com.au
eagersholden.com.au eagersholden.com.au eagersholden.com.au
apeagers.com.au apeagers.com.au apeagers.com.au
eagershsv.com.au eagershsv.com.au
southsidetoyota.com.au southsidetoyota.com.au
australmotors.com.au australmotors.com.au
southsidetoyota.com.au southsidetoyota.com.au southsidetoyota.com.au
australhonda.com.au australhonda.com.au
torquetoyota.com.au torquetoyota.com.au
torquetoyota.com.au torquetoyota.com.au
australhonda.com.au australhonda.com.au
apbma.com.au apbma.com.au
apeagers.com.au torquegroup.com.au torquegroup.com.au
grwcars.com.au eagerskia.com.au eagerskia.com.au
southsidetoyota.com.au 13zoos.com.au southsidehonda.com.au apeagers.com.au apeagers.com.au
australmotors.com.au australmotors.com.au
southsidetoyota.com.au southsidetoyota.com.au
southsidetoyota.com.au southsidetoyota.com.au
australmotors.com.au australmotors.com.au australmotors.com.au
eagersholden.com.au eagersholden.com.au
southsidetoyota.com.au southsidetoyota.com.au
subarucity.com.au subarucity.com.au
apbma.com.au brisbanemotorauctions.com.au brisbanemotorauctions.com.au
ccautos.com.au calcityautos.com.au calcityautos.com.au
ccautos.com.au calcityautos.com.au calcityautos.com.au
calcityautos.com.au ccautos.com.au calcityautos.com.au
calcityautos.com.au ccautos.com.au calcityautos.com.au ccautos.com.au ccautos.com.au calcityautos.com.au calcityautos.com.au
ccautos.com.au calcityautos.com.au calcityautos.com.au
ccautos.com.au calcityautos.com.au calcityautos.com.au
ccautos.com.au calcityautos.com.au calcityautos.com.au
ccautos.com.au calcityautos.com.au calcityautos.com.au
ccautos.com.au calcityautos.com.au calcityautos.com.au
ccautos.com.au calcityautos.com.au calcityautos.com.au
ccautos.com.au calcityautos.com.au calcityautos.com.au
ccautos.com.au calcityautos.com.au calcityautos.com.au
ccautos.com.au calcityautos.com.au calcityautos.com.au
ccautos.com.au calcityautos.com.au calcityautos.com.au
ccautos.com.au calcityautos.com.au calcityautos.com.au
ccautos.com.au calcityautos.com.au calcityautos.com.au
ccautos.com.au calcityautos.com.au calcityautos.com.au
calcityautos.com.au ccautos.com.au calcityautos.com.au calcityautos.com.au
ccautos.com.au calcityautos.com.au calcityautos.com.au
ccautos.com.au calcityautos.com.au calcityautos.com.au
ccautos.com.au calcityautos.com.au calcityautos.com.au
ccautos.com.au calcityautos.com.au calcityautos.com.au
ccautos.com.au calcityautos.com.au calcityautos.com.au
ccautos.com.au calcityautos.com.au calcityautos.com.au
ccautos.com.au calcityautos.com.au calcityautos.com.au
calcityautos.com.au ccautos.com.au calcityautos.com.au
calcityautos.com.au ccautos.com.au calcityautos.com.au calcityautos.com.au
ccautos.com.au calcityautos.com.au calcityautos.com.au
ccautos.com.au calcityautos.com.au calcityautos.com.au ccautos.com.au calcityautos.com.au
ccautos.com.au calcityautos.com.au calcityautos.com.au
apeagers.com.au ccautos.com.au calcityautos.com.au apeagers.com.au apeagers.com.au
eagerskia.com.au eagerskia.com.au
australhonda.com.au australhonda.com.au
porschecentrebrisbane.com.au porschecentrebrisbane.com.au
eagers.com.au eagers.com.au
ccautos.com.au calcityhonda.com.au calcityautos.com.au calcityautos.com.au
calcityautos.com.au apeagers.com.au ccautos.com.au calcityautos.com.au
torquetoyota.com.au torquetoyota.com.au
porschecentrebrisbane.com.au porschecentrebrisbane.com.au
australvw.com.au australvw.com.au australvw.com.au
eagerskia.com.au eagers.com.au eagerskia.com.au
subarutoowong.com.au subarutoowong.com.au
australmotors.com.au porschecentrebrisbane.com.au porschecentrebrisbane.com.au
ccautos.com.au calcityautos.com.au calcityautos.com.au
calcityautos.com.au calcityautos.com.au
eagersholden.com.au eagersholden.com.au
apeagers.com.au calcityautos.com.au calcityautos.com.au
calcityautos.com.au calcityautos.com.au ccautos.com.au calcityautos.com.au
eagersmitsubishi.com.au eagers.com.au eagersmitsubishi.com.au
metroford.com.au eagersmitsubishi.com.au eagersmazda.com.au eagerskia.com.au eagershsv.com.au eagersholden.com.au eagersfleet.com.au eagers.com.au metroford.com.au
subarucity.com.au southsidehonda.com.au subarutoowong.com.au southsidehonda.com.au
eagers.com.au eagers.com.au
porschecentrebrisbane.com.au porschecentrebrisbane.com.au
torquetoyota.com.au torquetoyota.com.au
eagersmazda.com.au eagers.com.au eagersmazda.com.au
southsidetoyota.com.au southsidetoyota.com.au
southsidetoyota.com.au southsidetoyota.com.au
eagersholden.com.au eagers.com.au eagersholden.com.au
calcityautos.com.au calcityautos.com.au
southsidehonda.com.au southsidehonda.com.au southsidehonda.com.au
torqueford.com.au torqueford.com.au torqueford.com.au
torqueford.com.au torqueford.com.au
metroford.com.au metroford.com.au
metroparts.com.au metroford.com.au eagersmazda.com.au metroparts.com.au
calcityautos.com.au calcoundracityautos.com.au calcityautos.com.au
eagersmitsubishi.com.au eagersmitsubishi.com.au
australmotors.com.au australmotors.com.au
australhonda.com.au australhonda.com.au
subarucity.com.au subarucity.com.au
southsidetoyota.com.au southsidetoyota.com.au
australvw.com.au australvw.com.au
apeagers.com.au apeagers.com.au apeagers.com.au
australvw.com.au australvw.com.au
apeagers.com.au apeagers.com.au
metroparts.com.au metroparts.com.au
calcityautos.com.au calcityautos.com.au
apeagers.com.au apeagers.com.au
southsidetoyota.com.au apeagers.com.au southsidetoyota.com.au
eagers.com.au eagersmazda.com.au eagersmazda.com.au
metropanel.com.au metropanel.com.au
apeagers.com.au apeagers.com.au
apeagers.com.au apeagers.com.au
southsidetoyota.com.au southsidetoyota.com.au
calcityautos.com.au calcityautos.com.au
calcityautos.com.au calcityautos.com.au
southsidetoyota.com.au southsidetoyota.com.au
torqueford.com.au torqueford.com.au
eagersholden.com.au eagersholden.com.au
southsideford.com.au southsideford.com.au
southsidetoyota.com.au southsidetoyota.com.au
metroparts.com.au metroparts.com.au
calcityautos.com.au calcityautos.com.au
apeagers.com.au apeagers.com.au apeagers.com.au
southsidetoyota.com.au southsidetoyota.com.au
torquetoyota.com.au torquetoyota.com.au
eagersholden.com.au eagersfleet.com.au apeagers.com.au eagersfleet.com.au
torquetoyota.com.au torquetoyota.com.au
southsidetoyota.com.au southsidetoyota.com.au southsidetoyota.com.au southsidetoyota.com.au southsidetoyota.com.au
australhonda.com.au australhonda.com.au
torqueford.com.au torqueford.com.au
australhonda.com.au australhonda.com.au
eagersmazda.com.au eagersmazda.com.au
calcityautos.com.au calcityautos.com.au
calcityautos.com.au calcityautos.com.au
metroford.com.au metroford.com.au
australmotors.com.au australmotors.com.au
brisbanemotorauctions.com.au apbma.com.au apbma.com.au
calcityautos.com.au calcityautos.com.au
eagerskia.com.au eagerskia.com.au
eagersholden.com.au apeagers.com.au apeagers.com.au
torquetoyota.com.au torquetoyota.com.au
calcityautos.com.au calcityautos.com.au
mopedzoos.net.au apeagers.com.au apeagers.com.au
eagersholden.com.au eagersholden.com.au
eagersmazda.com.au eagersmazda.com.au
eagersmazda.com.au eagersmazda.com.au
calcityautos.com.au calcityautos.com.au
eagersholden.com.au eagersholden.com.au
metroparts.com.au metroparts.com.au
torquegroup.com.au torquegroup.com.au
eagersmazda.com.au eagersmazda.com.au
australhonda.com.au australhonda.com.au
southsidehonda.com.au southsidehonda.com.au
southsidehonda.com.au southsidehonda.com.au
eagerskia.com.au eagerskia.com.au
porschecentrebrisbane.com.au porschecentrebrisbane.com.au
citroensunshinecoast.com.au australmotorgroup.com.au audicentresunshinecoast.com.au australmotorgroup.com.au
metroford.com.au metroford.com.au
australmotors.com.au australmotors.com.au
australvolvo.com.au australmotors.com.au australmotors.com.au
grwcars.com.au grwcars.com.au
torquetoyota.com.au torquetoyota.com.au torquetoyota.com.au
torquetoyota.com.au torquetoyota.com.au
ccautos.com.au calcityautos.com.au calcityautos.com.au
calcityautos.com.au calcityautos.com.au
torqueford.com.au torquehonda.com.au torquegroup.com.au torquegroup.com.au torquegroup.com.au
southsidehonda.com.au southsidehonda.com.au
southsidetoyota.com.au southsidetoyota.com.au
torquehonda.com.au torquehonda.com.au
calcityautos.com.au calcityautos.com.au
eagersholden.com.au eagersholden.com.au
southsidehonda.com.au southsidehonda.com.au
torquetoyota.com.au torquegroup.com.au torquegroup.com.au
southsidehonda.com.au southsidehonda.com.au
apeagers.com.au apeagers.com.au
calcityautos.com.au calcityautos.com.au
torqueford.com.au torqueford.com.au
eagers-mazda.com.au eagersmazda.com.au metroparts.com.au metroparts.com.au
calcityautos.com.au calcityautos.com.au
calcityautos.com.au calcityautos.com.au
citypeugeotbrisbane.com.au citypeugeotbrisbane.com.au
southsidetoyota.com.au southsidetoyota.com.au
eagersholden.com.au eagersholden.com.au
city-automotive.com.au city-automotive.com.au
southsidetoyota.com.au southsidetoyota.com.au
servicezoos.com.au servicezoos.com.au
servicezoos.com.au servicezoos.com.au
servicezoos.com.au servicezoos.com.au
metroford.com.au metroford.com.au
citypeugeotbrisbane.com.au citypeugeotbrisbane.com.au
ccautos.com.au calcityhonda.com.au calcityautos.com.au calcityautos.com.au
ccautos.com.au calcityautos.com.au calcityautos.com.au
australvw.com.au australvw.com.au
australhonda.com.au australhonda.com.au
torquetoyota.com.au torquetoyota.com.au
apeagers.com.au eagers.com.au apeagers.com.au apeagers.com.au
torquetoyota.com.au torquetoyota.com.au
southsidetoyota.com.au southsidetoyota.com.au
southsidetoyota.com.au southsidetoyota.com.au
torquehonda.com.au torquegroup.com.au torquegroup.com.au
metroparts.com.au metroparts.com.au
eagerskia.com.au eagerskia.com.au
calcityautos.com.au calcityautos.com.au calcityautos.com.au
torquehonda.com.au torquehonda.com.au
torqueford.com.au torqueford.com.au torqueford.com.au
australvw.com.au australhonda.com.au australhonda.com.au
calcityautos.com.au ccautos.com.au calcityhonda.com.au ccautos.com.au
subarucity.com.au subarucity.com.au
eagerskia.com.au eagerskia.com.au
eagersholden.com.au eagersholden.com.au
southsidehonda.com.au southsidehonda.com.au
southsidehonda.com.au southsidehonda.com.au
southsidehonda.com.au southsidehonda.com.au
australmotors.com.au australmotors.com.au
subarutoowong.com.au subarutoowong.com.au
citroensunshinecoast.com.au australmotorgroup.com.au audicentresunshinecoast.com.au audicentresunshinecoast.com.au
southsideford.com.au southsideford.com.au
eagers.com.au eagers.com.au
apeagers.com.au apeagers.com.au
southsidetoyota.com.au southsidetoyota.com.au
metroparts.com.au metroparts.com.au
torquegroup.com.au torquegroup.com.au
calcityautos.com.au calcityautos.com.au
torqueford.com.au torqueford.com.au
metroparts.com.au metroparts.com.au
apeagers.com.au apeagers.com.au
calcityautos.com.au calcityautos.com.au
eagerskia.com.au eagerskia.com.au
eagersholden.com.au eagers.com.au eagers.com.au
torquegroup.com.au torquegroup.com.au
eagersholden.com.au eagersfleet.com.au eagers.com.au eagers.com.au
southsidetoyota.com.au southsidetoyota.com.au
eagersmazda.com.au eagersmazda.com.au
eagerskia.com.au eagerskia.com.au
eagers.com.au eagers.com.au
torqueford.com.au torqueford.com.au
torquetoyota.com.au torquetoyota.com.au
southsidetoyota.com.au southsidetoyota.com.au
eagersmazda.com.au eagersmazda.com.au
australhonda.com.au australhonda.com.au
apeagers.com.au apeagers.com.au
southsidehonda.com.au southsidehonda.com.au
eagersholden.com.au eagersfleet.com.au eagers.com.au eagersfleet.com.au
eagersholden.com.au eagers.com.au eagersholden.com.au
grwcars.com.au grwcars.com.au
eagers.com.au eagersholden.com.au eagersholden.com.au
torquegroup.com.au torqueford.com.au torquegroup.com.au
eagerskia.com.au eagerskia.com.au
eagers.com.au eagers.com.au
calcityautos.com.au calcityautos.com.au
eagersmazda.com.au eagersmazda.com.au
southsidetoyota.com.au southsidetoyota.com.au
torquehonda.com.au torquehonda.com.au
torquehonda.com.au torquehonda.com.au
subarucity.com.au subarucity.com.au
apeagers.com.au apeagers.com.au
southsidetoyota.com.au southsidetoyota.com.au
torquetoyota.com.au torquetoyota.com.au
torqueford.com.au torqueford.com.au
eagersmazda.com.au eagersmazda.com.au
subarutoowong.com.au subarutoowong.com.au
metroparts.com.au metroparts.com.au
torquetoyota.com.au torquetoyota.com.au
southsidetoyota.com.au southsidetoyota.com.au
city-automotive.com.au city-automotive.com.au
torquetoyota.com.au torquetoyota.com.au
eagerskia.com.au eagers.com.au eagersmitsubishi.com.au eagers.com.au
torqueford.com.au torqueford.com.au torqueford.com.au
torquehonda.com.au torquehonda.com.au
torquetoyota.com.au torquetoyota.com.au
citypeugeotbrisbane.com.au citypeugeotbrisbane.com.au
metroford.com.au metroford.com.au
calcityautos.com.au calcityautos.com.au
calcityautos.com.au calcityautos.com.au
eagerskia.com.au eagerskia.com.au
eagerskia.com.au eagerskia.com.au
apeagers.com.au apeagers.com.au
southsidetoyota.com.au southsidetoyota.com.au
australhonda.com.au australhonda.com.au
australmotors.com.au australmotors.com.au
metroparts.com.au metroparts.com.au
torqueford.com.au torqueford.com.au
southsidetoyota.com.au southsidetoyota.com.au
metroparts.com.au metroparts.com.au
torqueford.com.au torquetoyota.com.au torquegroup.com.au torquegroup.com.au
subarucity.com.au subarucity.com.au
citypeugeotbrisbane.com.au city-automotive.com.au citypeugeotbrisbane.com.au citypeugeotbrisbane.com.au
calcityautos.com.au calcityautos.com.au
calcityautos.com.au calcityautos.com.au
metroford.com.au metroford.com.au
australhonda.com.au australhonda.com.au
apeagers.com.au apeagers.com.au
australmotors.com.au australmotors.com.au
metroford.com.au metroford.com.au
australhonda.com.au australhonda.com.au
torquegroup.com.au torquegroup.com.au
southsidehonda.com.au southsidehonda.com.au
metroford.com.au metroford.com.au
torqueford.com.au torqueford.com.au
porschecentrebrisbane.com.au porschecentrebrisbane.com.au
southsidetoyota.com.au southsidetoyota.com.au
apeagers.com.au apeagers.com.au
calcityautos.com.au calcityautos.com.au
metroford.com.au metroford.com.au
southsidetoyota.com.au southsidetoyota.com.au
eagers.com.au eagers.com.au
torquetoyota.com.au torquetoyota.com.au
calcityautos.com.au calcityautos.com.au
apbma.com.au apbma.com.au
eagers.com.au eagers.com.au
apeagers.com.au apeagers.com.au
australhonda.com.au australhonda.com.au
southsidetoyota.com.au southsidetoyota.com.au
australmotors.com.au australmotors.com.au
southsidetoyota.com.au southsidetoyota.com.au southsidetoyota.com.au
torqueford.com.au torqueford.com.au
southsidetoyota.com.au southsidetoyota.com.au
torquetoyota.com.au torquetoyota.com.au
torquegroup.com.au torquegroup.com.au
calcityautos.com.au calcityautos.com.au
calcityautos.com.au calcityautos.com.au
citypeugeotbrisbane.com.au apeagers.com.au apeagers.com.au
metroparts.com.au metroparts.com.au
subarucity.com.au subarucity.com.au
eagers.com.au eagers.com.au
torquehonda.com.au torquehonda.com.au
torquehonda.com.au torquehonda.com.au
apeagers.com.au apeagers.com.au
eagersmitsubishi.com.au eagers.com.au eagerskia.com.au eagers.com.au
apeagers.com.au apeagers.com.au
torquegroup.com.au torquegroup.com.au
apeagers.com.au apeagers.com.au
southsideford.com.au southsideford.com.au
subarucity.com.au subarucity.com.au
citypeugeotbrisbane.com.au citypeugeotbrisbane.com.au
torquetoyota.com.au torquetoyota.com.au
southsidetoyota.com.au southsidetoyota.com.au
servicezoos.com.au servicezoos.com.au
porschecentrebrisbane.com.au porschecentrebrisbane.com.au
torqueford.com.au torqueford.com.au
servicezoos.com.au servicezoos.com.au
metroparts.com.au metroparts.com.au
southsidehonda.com.au southsidehonda.com.au
torquehonda.com.au torquehonda.com.au
citypeugeotbrisbane.com.au citypeugeotbrisbane.com.au
eagers.com.au brisbanemotorauctions.com.au apeagers.com.au apeagers.com.au
metroford.com.au metroford.com.au
torquehonda.com.au torquehonda.com.au
eagersmazda.com.au eagersmazda.com.au
subarucity.com.au subarucity.com.au
australvolvo.com.au australvolvo.com.au
eagerskia.com.au eagerskia.com.au
australmotors.com.au australmotors.com.au
torquesubaru.com.au torquetoyota.com.au torquetoyota.com.au
torqueford.com.au torqueford.com.au
porschecentrebrisbane.com.au porschecentrebrisbane.com.au
apbma.com.au apbma.com.au
australmotors.com.au australmotors.com.au
australmotors.com.au australmotors.com.au
